Key;English;French;German;Polish;Spanish;Italian;Swedish;Czech;Hungarian;Dutch;Portuguese;Russian;Finnish;
MAPMODE_13;Language Mapmode;;;;;;;;;;;;;;;;;;;;;;;;;;;x
NATIONALITY_MAJORITY_AT_PROVINCE;The majority languages spoken in ßY$PROV$ßW are:;;;;;;;;;;;;;x
SLV;Slovakia;;;;;;;;;;;;x
SLV_absolute_monarchy;Slovakia;;;;;;;;;;;;x
SLV_hms_government;Slovakia;;;;;;;;;;;;x
SLV_prussian_constitutionalism;Slovakia;;;;;;;;;;;;x
SLV_colonial_company;TÛths·g;;;;;;;;;;;;;;;;;;;;x;
SLV_dominion;TÛths·g;;;;;;;;;;;;;;;;;;;;x;
BHN;Bahnar;;;;;;;;;;;;;;x;;;;;;;;;;;;;;
BHN_ADJ;Bahnarian;;;;;;;;;;;;;;x;;;;;;;;;;;;;;
CHK;Champa;;;;;;;;;;;;;x;
CHK_ADJ;Champa;;;;;;;;;;;;x;
chocolate_factory;Chocolate Factory;;;;;;;;;;;;;x;
chocolate_factory_ADJ;Here, cocoa beans are processed and mixed with other ingredients by a race of small men from Madagascar to create a variety of delectable sweets.;;;;;;;;;;;;x;
algonquin;Algonquin;;;;;;;;;;;;x;
odawa;Odawa;;;;;;;;;;;;x;
oji_cree;Oji-Cree;;;;;;;;;;;;x;
saulteax;Saulteaux;;;;;;;;;;;;x;
nakota;Nakota;;;;;;;;;;;;x;
gros_ventre;Gros Ventre;;;;;;;;;;;;x;
hidatsa;Hidatsa;;;;;;;;;;;;x;
crow;Corbeaux;;;;;;;;;;;;x;
lakota;Lakota;;;;;;;;;;;;x;
omaha_ponca;Omaha-Ponca;;;;;;;;;;;;x;
tompiro;Tompiro;;;;;;;;;;;;x;
tonkawa;Tonkawa;;;;;;;;;;;;x;
mescalero_apache;Mescalero Apache;;;;;;;;;;;;x;
hikarya_apache;Hikarya Apache;;;;;;;;;;;;x;
chiricahua_apache;Chiricahua Apache;;;;;;;;;;;;x;
coyotero_apache;Coyotero Apache;;;;;;;;;;;;x;
kumeyaay;Kumeyaay;;;;;;;;;;;;x;
cocopah;Cocopah;;;;;;;;;;;;x;
pericu;Pericu;;;;;;;;;;;;x;
seri;Seri;;;;;;;;;;;;x;
oochkam;Oochkam;;;;;;;;;;;;x;
guarijio;Warihiyo;;;;;;;;;;;;x;
tonkawa;Tonkawa;;;;;;;;;;;;x;
tamaulipec;Tamaulipec;;;;;;;;;;;;x;
guasave_achire;Wasave-Achire;;;;;;;;;;;;x;
xixime;Xixime;;;;;;;;;;;;x;
acaxee;Acaxee;;;;;;;;;;;;x;
tepehuan;Tepehuan;;;;;;;;;;;;x;
zacatec;Zacatec;;;;;;;;;;;;x;
irritila_nahua;Irritila Nahua;;;;;;;;;;;;x;
guachichil;Wachichil;;;;;;;;;;;;x;
tecuexe;Tecuexe;;;;;;;;;;;;x;
tepecan;Tepecan;;;;;;;;;;;;x;
cora;Cora;;;;;;;;;;;;x;
cazcan;Cazcan;;;;;;;;;;;;x;
guamare;Wamare;;;;;;;;;;;;x;
aquitan_kreol;Aquitan Creole;;;;;;;;;;;;x;
aunisan;Aunisan;;;;;;;;;;;;x;
afro_antillean;Afro-French;;;;;;;;;;;;x,,,,,,,,,,,,,,,,,,,,,,;
afro_germanic;Afro-Germanic;;;;;;;;;;;x
afro_caribeno;Afro-Hispanic;;;;;;;;;;;x
chimila;Chimila;;;;;;;;;;;x
sinu;Sinu;;;;;;;;;;;x
embera;Embera;;;;;;;;;;;x
achagua;Achawa;;;;;;;;;;;x
guayupe;Wayupe;;;;;;;;;;;x
pijao;Pijao;;;;;;;;;;;x
bai;Bai;;;;;;;;;;;x
champa;Cham;;;;;;;;;;;;x
okjeo;Okjeo;;;;;;;;;;;;x
bukjoseon;Bukjoseon;;;;;;;;;;;;x
namjoseon;Namjoseon;;;;;;;;;;;;x
amami;Amami;;;;;;;;;;;;x
kikai;Kikai;;;;;;;;;;;;x
kunigami;Kunigami;;;;;;;;;;;;x
miyako;Miyako;;;;;;;;;;;;x
okinawan;Okinawan;;;;;;;;;;;;x
okinoerabu;Okinoerabu;;;;;;;;;;;;x
tokunoshima;Tokunoshima;;;;;;;;;;;;x
yaeyama;Yaeyama;;;;;;;;;;;;x
yonaguni;Yonaguni;;;;;;;;;;;;x
yoron;Yoron;;;;;;;;;;;;x
garhwali;Garhwali;;;;;;;;;;;;x
siebenburger;Transylvanian Saxon;;;;;;;;;;;;;x
khamnigan;Khamnigan;;;;;;;;;;;;;x
solon;Solon;;;;;;;;;;;;;x
sibe;Sibe;;;;;;;;;;;;;x
kyakala;Kyakala;;;;;;;;;;;;;x
oyrot;Oyrot;;;;;;;;;;;;;x
cacoa;Cocoa;;;;;;;;;;;;;x
chocolate;Chocolate;;;;;;;;;;;;;x
HAI_conservative;Council-Party;;;;;;;;;;;;;;;;;;;x;;;;
HAI_liberal;Charter-Party;;;;;;;;;;;;;;;;;;;x;;;;
HAI_reactionary;Custom-Party;;;;;;;;;;;;;;;;;;;x;;;;
HAI_anarcho_liberal;Free Buccaneers;;;;;;;;;;;;;;;;;;;;x;;;;
HAI_socialist;Red Bandanas;;;;;;;;;;;;;;;;;;;;;;;;;x;;;
HAI_communist;Kiskeya Worker's Party;;;;;;;;;;;;;;;;;;;;;;;;;;;;;;x;;;;
HAI_fascist;Kiskeya National Front;;;;;;;;;;;;;;;;;;;;x;;;;
cavalry;Lancer;;;;;;;;;;;;;
cavalry_short;Lan;;;;;;;;;;;;;
parsi;Parsi;;;;;;;;;;;;;
FRA_absolute_monarchy;France;;;;;;;;;;;;;x,
FRA_prussian_constitutionalism;France;;;;;;;;;;;;;x,
FRA_hms_government;France;;;;;;;;;;;;;x,
FRA_french_bourbon;France;;;;;;;;;;;;;x,
CMN;Kuns·g;;;;;;;;;;;;x
HUN_liberal_1;Baloldali EllenzÈk - Lov·sz Faction;;;;;;;;;;;;;;x;;;;;;;;;;;;;;
HUN_anarcho_liberal_1;Baloldali EllenzÈk - Szarka Faction;;;;;;;;;;;;;;x;;;;;;;;;;;;;;
HUN_conservative_1;Kir·lyemberek P·rtja - Left Faction;;;;;;;;;;;;;;x;;;;;;;;;;;;;;
HUN_conservative_2;Kir·lyemberek P·rtja - Centrist Faction;;;;;;;;;;;;;;x;;;;;;;;;;;;;;
HUN_conservative_3;Kir·lyemberek P·rtja - Constitutionalists;;;;;;;;;;;;;;x;;;;;;;;;;;;;;
HUN_reactionary_1;Kir·lyemberek P·rtja - Restorationists;;;;;;;;;;;;;;x;;;;;;;;;;;;;;
BZN_colonial_company;Kir·lyfˆùld;;;;;;;;;;;;;;x;;;;;;;;;;;;;; 
TKO;Tourkistan;;;;;;;;;;;;;;x;;;;;;;;;;;;;;
baghcasaray;Farmlands;;;;;;;;;;;;;;x;;;;;;;;;;;;;;
arikara;Arikara;;;;;;;;;;;;;;x;;;;;;;;;;;;;;
SZE;Szeklerland;;;;;;;;;;;;;;x;;;;;;;;;;;;;;
SZE_colonial_company;SzÈùkelyfˆùld;;;;;;;;;;;;;;x;;;;;;;;;;;;;;
KBD;Kabardia;;;;;;;;;;;;;x
KBD_ADJ;Kabardian;;;;;;;;;;;;;x
KBD_absolute_monarchy;Principality of Kabardia;;;;;;;;;;;;;x
KBD_prussian_constitutionalism;Principality of Kabardia;;;;;;;;;;;;;x
KBD_hms_government;Principality of Kabardia;;;;;;;;;;;;;x
prt_liberal;Ensadinsnalaiskai;;;;;;;;;;;;;x
prt_socialist;Socialistiskai;;;;;;;;;;;;;x
prt_reactionary;Tradiciskai;;;;;;;;;;;;;x
prt_conservative;Krikstjanai;;;;;;;;;;;;;x
prt_anarcho_liberal;Rewoluciskai;;;;;;;;;;;;;x
prt_communist;Kommunistai;;;;;;;;;;;;;x
prt_fascist;Amzibi;;;;;;;;;;;;;x
KNI_theocracy;The Knights Hospitaller;;;;;;;;;;;;x
KNI_theocracy_ADJ;Hospitaller;;;;;;;;;;;;;;x;;;;;;;;;;;;;;
KNI_absolute_monarchy;The Kingdom of St. John;;;;;;;;;;;;;;x;;;;;;;;;;;;;;
KNI_hms_government;The Kingdom of St. John;;;;;;;;;;;;x
KNI_prussian_constitutionalism;The Kingdom of St. John;;;;;;;;;;;;x
KNI_democracy;The Republic of St. John;;;;;;;;;;;;x
KNI_presidential_dictatorship;The Republic of St. John;;;;;;;;;;;;x
KNI_bourgeois_dictatorship;The Poulain Republic;;;;;;;;;;;;x
KNI_fascist_dictatorship;The Crusader State;;;;;;;;;;;;x
KNI_proletarian_dictatorship;The Republic of the Councils of the Poor;;;;;;;;;;;;x
KNI_liberal;Liberals;;;;;;;;;;;;;x
KNI_socialist;Socialists;;;;;;;;;;;;;x
KNI_reactionary;Traditionalists;;;;;;;;;;;;;x
KNI_conservative;Conservatives;;;;;;;;;;;;;x
KNI_anarcho_liberal;Revolutionaries;;;;;;;;;;;;;x
KNI_communist;Communists;;;;;;;;;;;;;x
KNI_fascist;Legion of St. John;;;;;;;;;;;;;x
HGN;Zehnst‰ùdtebund;;;;;;;;;;;x;
HGN_ADJ;Bù¸nder;;;;;;;;;;;x;
WUL;Wù¸rzburg;;;;;;;;;;;;;;x;;;;;;;;;;;;;;
WUL_ADJ;Wù¸rzburger;;;;;;;;;;;;;;x;;;;;;;;;;;;;;
MOL_prussian_constitutionalism;Siretovia;;;;;;;;;;;;;x
eudeve;Eudeve;;;;;;;;;;;;;x
tubar;Tubar;;;;;;;;;;;;;x
conchitec;Conchitec;;;;;;;;;;;;;x
suma;Suma;;;;;;;;;;;;;x
hikariya_apache;Hikariya Apache;;;;;;;;;;;;;x
ocoroni;Ocoroni;;;;;;;;;;;;;x
NEN_conservative;Dˆùrpenkongrese;;;;;;;;;;;;;;x;;;;;;;;;;;;;;
GEO_conservative;Pirveli Dasi;;;;;;;;;;;;;
GEO_meore;Meore Dasi;;;;;;;;;;;;;
GEO_mesame;Mesame Dasi;;;;;;;;;;;;;
GEO_terg;Tergdaleulebi;;;;;;;;;;;;;
GEO_conservative2;Erovnul-Demokratiuli Partia;;;;;;;;;;;;;
GEO_liberal;Mitsis Mesakutreta Erovnuli Partia;;;;;;;;;;;;;
GEO_reactionary;Batonishvili;;;;;;;;;;;;;
GEO_reactionary_ktk;Kartvel Traditsionalistta Kavshiri;;;;;;;;;;;;;
GEO_radical;Tsisperqantselebi;;;;;;;;;;;;;
GEO_socialist;Sakartvelos Sotsial-Demokratiuli Partia;;;;;;;;;;;;;
GEO_communist;Sakartvelos Komunisturi Partia;;;;;;;;;;;;;
GEO_fascist;Erovnuli Ertobis Darazmuloba "Tetri Giorgi";;;;;;;;;;;;;
chiwere;Chiwere;;;;;;;;;;;;;x
winnebago;Ho-Chunk;;;;;;;;;;;;;x
gluchy_german;Forest German;;;;;;;;;;;;;;;;;;;;;;;;x 
PROV669;Kalaraö;;;;;;;;;;;;;;;;;;x;;;
PROV664;Bukureö;;;;;;;;;;;;;;;;;;x;;;
PROV673;Galac';;;;;;;;;;;;;;;;;;x;;;
CHI_presidential_dictatorship;The Republic of China;;;;;;;;;;;;;x
PROV467;Marselha;;;;;;;;;;;;;;;;;;x;;;
PROV470;Tolon;;;;;;;;;;;;;;;;;;x;;;
PROV471;Frej˙s;;;;;;;;;;;;;;;;;;x;;;
PROV469;Dinha;;;;;;;;;;;;;;;;;;x;;;
unite_moldavia_wallachia;Awaken the Romanians;;;;;;;;;;;;;;;;;;x;;;
unite_moldavia_wallachia_desc;Long have the Shepherds of the Romans been oppressed in the former lands of Dacia. Forced higher and higher into the mountains to survive the invaders, we have nevertheless survived into the present. However, with the spectre of nationalism looming over Europe, it might not be long before the last vestiges of the Roman Legions this far east are extinguished. Now is time to reclaim our heritage - now is time to clamour to the world: I am of the blood of Trajan!;;;;;;;;;;;;;;;;;;x;;;
PROV1382;Piem;;;;;;;;;;;;;;;;;;x;;;
PROV1383;Krong Bassac;;;;;;;;;;;;;;;;;;x;;;
PROV1380;Prey Nokor;;;;;;;;;;;;;;;;;;x;;;
PROV1381;Panduranga;;;;;;;;;;;;;;;;;;x;;;
PROV1379;Vijaya;;;;;;;;;;;;;;;;;;x;;;
PROV1377;Indrapura;;;;;;;;;;;;;;;;;;x;;;
PROV1375;Kandarpapura;;;;;;;;;;;;;;;;;;x;;;
LXA;Lan Xang;;;;;;;;;;;;;;;;;;;;x;
coptic_group;Coptic;;;;;;;;;;;;;;;;;;;;x;
coptic;Coptic;;;;;;;;;;;;;;;;;;;;x;
LAT_colonial_company;Livland;;;;;;;;;;;;;;;;;;;;x;
LAT_dominion;Livland;;;;;;;;;;;;;;;;;;;;x;
EST_colonial_company;Estland;;;;;;;;;;;;;;;;;;;;x;
EST_dominion;Estland;;;;;;;;;;;;;;;;;;;;x;
kiowa_apacha;Kiowa Apache;;;;;;;;;;;;;;;;;;;;x;
paiic;Paiic;;;;;;;;;;;;;;;;;;;;x;
maricopa;Maricopa;;;;;;;;;;;;;;;;;;;;x;
yokuts;Yokut;;;;;;;;;;;;;;;;;;;;x;
huichol;Huichol;;;;;;;;;;;;;;;;;;;;x;
totorame;Totorame;;;;;;;;;;;;;;;;;;;;x;
arwako;Arwako;;;;;;;;;;;;;;;;;;;;x;
kogi;Kogi;;;;;;;;;;;;;;;;;;;;x;
papale;Papale;;;;;;;;;;;;;;;;;;;;x;
zamirua;Zamirua;;;;;;;;;;;;;;;;;;;;x;
guanebucan;Wanebucan;;;;;;;;;;;;;;;;;;;;x;
parauhano;Parauhano;;;;;;;;;;;;;;;;;;;;x;
burede;Burede;;;;;;;;;;;;;;;;;;;;x;
cariachil;Cariachil;;;;;;;;;;;;;;;;;;;;x;
ocanopan;Ocanopan;;;;;;;;;;;;;;;;;;;;x;
quenagua;Quenawa;;;;;;;;;;;;;;;;;;;;x;
sabril;Sabril;;;;;;;;;;;;;;;;;;;;x;
tachira;Tachira;;;;;;;;;;;;;;;;;;;;x;
umaquena;Umaquena;;;;;;;;;;;;;;;;;;;;x;
yupa;Yupa;;;;;;;;;;;;;;;;;;;;x;
PROV4243;Jebero;;;;;;;;;;;;;;;;;;;;x;
TOPBAR_POPULATION;Our adult male population is $CURR$. Our adult male population has changed by $CHANGE$ in the last ßY$DAYS$ß! days.;;;;;;;;;;;;;
CAN_socialist;Socialist Party of Vinland;;;;;;;;;;;;x
CAN_communist;Communist Party of Vinland;;;;;;;;;;;;x
CAN_conservative;Conservative Party of Vinland;;;;;;;;;;;;x
CAN_reactionary;Tories;;;;;;;;;;;;x
CAN_liberal_2;Liberal Party of Vinland;;;;;;;;;;;;x
FRA_conservative;ChrÈtienne;ChrÈtienne;OrlÈaniste;;OrlÈaniste;;;;;;;;;x
FRA_conservative_2;Grandeuriste;Bonapartiste;Bonapartiste;;Bonapartiste;;;;;;;;;x
FRA_conservative_3;ModÈrÈ;RÈpublicain modÈrÈ;RÈpublicain modÈrÈ;;RÈpublicain modÈrÈ;;;;;;;;;x
FRA_conservative_4;Conservatif;OrlÈaniste;OrlÈaniste;;OrlÈaniste;;;;;;;;;x
MON_liberal;Napredaöi;;;;;;;;;;;;;
MON_reactionary_tribes;Plemenski Zbor;;;;;;;;;;;;;
MON_reactionary_church;Pravoslavna Crkva;;;;;;;;;;;;;
MON_conservative;Petrovic-Njegoöi;;;;;;;;;;;;;
MON_communist;Savez Komunista;;;;;;;;;;;;;
MON_socialist;Narodna Socijalisticka Stranka;;;;;;;;;;;;;
MON_liberal_2;Narodna Stranka;;;;;;;;;;;;;
MON_conservative_2;Prava Narodna Stranka;;;;;;;;;;;;;
MON_reactionary_2;Zelenaöi;;;;;;;;;;;;;
MON_radical;Slobodna Klika;;;;;;;;;;;;;
MON_fascist;Crnogorska Stranka;;;;;;;;;;;;;
SER_radical;Narodna Radikalna Stranka;;;;;;;;;;;;;
BOH_reactionary;Strana konzervativnÌho velkostatku;;;;;;;;;;;;;
BOH_reactionary_NSK;N·rodnÌ strana katolick·;;;;;;;;;;;;;
BOH_reactionary_SKL;Strana katolickÈho lidu;;;;;;;;;;;;;
BOH_reactionary_CSL;Cesk· strana lidov·;;;;;;;;;;;;;
BOH_conservative;N·rodnÌ strana;;;;;;;;;;;;;
BOH_conservative_starocesi;N·rodnÌ strana (staroceöi);;;;;;;;;;;;;
BOH_conservative_CSD;Cesk· st·topr·vnÌ demokracie;;;;;;;;;;;;;
BOH_conservative_ND;N·rodnÌ demokracie;;;;;;;;;;;;;
BOH_liberal;Strana ˙stavovernÈho velkostatku;;;;;;;;;;;;;
BOH_liberal_mladocesi;N·rodnÌ strana (mladoceöi);;;;;;;;;;;;;
BOH_liberal_NSS;N·rodnÌ strana svobodomysln·;;;;;;;;;;;;;
BOH_liberal_CSP;Cesk· strana pokrokov·;;;;;;;;;;;;;
BOH_radical;N·rodnÌ v˝bor;;;;;;;;;;;;;
BOH_radical_RPS;Radik·lne pokrokov· strana;;;;;;;;;;;;;
BOH_radical_SPS;St·topr·vnÌ pokrokov· strana;;;;;;;;;;;;;
BOH_socialist;Soci·lne demokratick· strana ceskoslovansk·;;;;;;;;;;;;;
BOH_socialist_CSNS;Cesk· strana n·rodne soci·lnÌ;;;;;;;;;;;;;
BOH_communist;Komunistick· strana cesk·;;;;;;;;;;;;;
BOH_fascist;N·rodnÌ obec faöistick·;;;;;;;;;;;;;
SLV_fascist;Hlinkova slovensk· ludov· strana;;;;;;;;;;;;;
SLV_radical;Vz·jomnost;;;;;;;;;;;;;
SLV_liberal_early;Spolocnost cesko-slovansk·;;;;;;;;;;;;;
SLV_liberal_stur;ät˙rovci;;;;;;;;;;;;;
SLV_liberal_novaskola;Nov· ökola slovensk·;;;;;;;;;;;;;
SLV_liberal_vyrovnanie;Strana vyrovnania;;;;;;;;;;;;;
SLV_liberal_hlasisti;Ceskoslovensk· jednota;;;;;;;;;;;;;
SLV_liberal_last;éivnostensko-obchodnÌcka strana;;;;;;;;;;;;;
SLV_conservative;Pansl·vi;;;;;;;;;;;;;
SLV_conservative_staraskola;Star· ökola slovensk·;;;;;;;;;;;;;
SLV_conservative_SNS;Slovensk· n·rodn· strana;;;;;;;;;;;;;
SLV_conservative_agrarian;Agr·rna strana;;;;;;;;;;;;;
SLV_reactionary;Velkostatok;;;;;;;;;;;;;
SLV_reactionary_SLS;Slovensk· ludov· strana;;;;;;;;;;;;;
SLV_socialist;Slovensk· soci·lnodemokratick· strana;;;;;;;;;;;;;
SLV_communist;Komunistick· strana Slovenska;;;;;;;;;;;;;
JSZ;J·szs·g;;;;;;;;;;;x;
JSZ_ADJ;J·sz;;;;;;;;;;;x;
prov_gov_conservative;Provisional Government;;;;;;;;;;;x;
prov_gov_liberal;Provisional Government;;;;;;;;;;;x;
prov_gov_communist;Provisional Government;;;;;;;;;;;x;
prov_gov_fascist;Provisional Government;;;;;;;;;;;x;
install_monarchy_make_puppet_short;Install Monarchy;;;;;;;;;;;x;
gorlos;Gorlos;;;;;;;;;;;x;
samungyo;Samungyo;;;;;;;;;;;x;
